station_id,station_name,area,longitude,latitude,lu_change_pct,urban_pct,usefulMon,usefulSea,usefulYear,usefulAll,UpstreamDams,source,source_doi,source_year,network_type
Q_HT_0002,BanCung,2620,103.831333,21.825913,6.087,0.438,2,1,2,2,2,Do et al. 2022 Vietnam Journal of Earth Sciences,10.15625/2615-9783/16980,2022,hydrologic_reference_station
Q_HT_0003,BaoYen,4960,104.525036,22.211149,3.991,0.353,2,2,1,2,1,Do et al. 2022 Vietnam Journal of Earth Sciences,10.15625/2615-9783/16980,2022,hydrologic_reference_station
Q_HT_0004,CauPha,363,105.83775,22.153239,1.446,0.44,1,1,2,2,1,Do et al. 2022 Vietnam Journal of Earth Sciences,10.15625/2615-9783/16980,2022,hydrologic_reference_station
Q_HT_0005,ChiemHoa,16500,105.274337,22.142407,5.126,0.017,1,1,1,1,2,Do et al. 2022 Vietnam Journal of Earth Sciences,10.15625/2615-9783/16980,2022,hydrologic_reference_station
Q_HT_0006,Chu,2090,106.590319,21.362772,1.356,0.034,1,1,1,1,1,Do et al. 2022 Vietnam Journal of Earth Sciences,10.15625/2615-9783/16980,2022,hydrologic_reference_station
Q_HT_0007,DaoDuc,8298,105.00551,22.768776,4.88,0.908,1,1,1,1,1,Do et al. 2022 Vietnam Journal of Earth Sciences,10.15625/2615-9783/16980,2022,hydrologic_reference_station
Q_HT_0008,DauDang,1890,105.557872,22.448166,1.701,0,1,1,2,2,1,Do et al. 2022 Vietnam Journal of Earth Sciences,10.15625/2615-9783/16980,2022,hydrologic_reference_station
Q_HT_0009,GhenhGa,29600,105.203372,21.881692,4.291,0.292,2,2,1,2,1,Do et al. 2022 Vietnam Journal of Earth Sciences,10.15625/2615-9783/16980,2022,hydrologic_reference_station
Q_HT_0010,GiaBay,2760,105.8347,21.5993,1.16,0.425,2,2,1,2,1,Do et al. 2022 Vietnam Journal of Earth Sciences,10.15625/2615-9783/16980,2022,hydrologic_reference_station
Q_HT_0011,HamYen,11900,105.089663,22.054125,3.672,0.65,1,1,1,1,1,Do et al. 2022 Vietnam Journal of Earth Sciences,10.15625/2615-9783/16980,2022,hydrologic_reference_station
Q_HT_0012,HoaBinh,51800,105.356606,20.843148,4.642,0.202,2,2,1,2,2,Do et al. 2022 Vietnam Journal of Earth Sciences,10.15625/2615-9783/16980,2022,hydrologic_reference_station
Q_HT_0013,KheLech,503,104.281144,22.145064,0.802,0.071,2,2,1,2,1,Do et al. 2022 Vietnam Journal of Earth Sciences,10.15625/2615-9783/16980,2022,hydrologic_reference_station
Q_HT_0014,LaiChau,33800,103.17194,22.077226,5.047,0.087,2,1,1,2,1,Do et al. 2022 Vietnam Journal of Earth Sciences,10.15625/2615-9783/16980,2022,hydrologic_reference_station
Q_HT_0015,LamSon,33.1,105.495937,20.882525,2.546,0,1,1,1,1,1,Do et al. 2022 Vietnam Journal of Earth Sciences,10.15625/2615-9783/16980,2022,hydrologic_reference_station
Q_HT_0016,LaoCai,41000,103.97013,22.49796,3.514,0.31,2,2,2,2,1,Do et al. 2022 Vietnam Journal of Earth Sciences,10.15625/2615-9783/16980,2022,hydrologic_reference_station
Q_HT_0017,MuCangChai,230,104.059433,21.855945,12.704,0,1,1,2,2,1,Do et al. 2022 Vietnam Journal of Earth Sciences,10.15625/2615-9783/16980,2022,hydrologic_reference_station
Q_HT_0018,NaHu,155,102.869502,22.373179,4.898,0,1,1,2,2,1,Do et al. 2022 Vietnam Journal of Earth Sciences,10.15625/2615-9783/16980,2022,hydrologic_reference_station
Q_HT_0019,NamGiang,6740,103.161135,22.277709,4.497,0.063,1,1,1,1,1,Do et al. 2022 Vietnam Journal of Earth Sciences,10.15625/2615-9783/16980,2022,hydrologic_reference_station
Q_HT_0020,NamMuc,2680,103.291854,21.88467,1.724,0.022,2,2,1,2,1,Do et al. 2022 Vietnam Journal of Earth Sciences,10.15625/2615-9783/16980,2022,hydrologic_reference_station
Q_HT_0021,NgoiHut,602,104.549636,21.95343,0.924,0.014,2,2,1,2,1,Do et al. 2022 Vietnam Journal of Earth Sciences,10.15625/2615-9783/16980,2022,hydrologic_reference_station
Q_HT_0022,QuangCu,1190,105.498638,21.518397,0.441,0.023,1,1,2,2,1,Do et al. 2022 Vietnam Journal of Earth Sciences,10.15625/2615-9783/16980,2022,hydrologic_reference_station
Q_HT_0023,SonTay,143600,105.511923,21.153991,3.878,0.293,1,1,1,1,2,Do et al. 2022 Vietnam Journal of Earth Sciences,10.15625/2615-9783/16980,2022,hydrologic_reference_station
Q_HT_0024,TaBu,49500,104.056368,21.448679,4.929,0.215,1,1,1,1,2,Do et al. 2022 Vietnam Journal of Earth Sciences,10.15625/2615-9783/16980,2022,hydrologic_reference_station
Q_HT_0025,ThanhSon,1590,105.152134,21.191483,1.666,0,2,2,1,2,1,Do et al. 2022 Vietnam Journal of Earth Sciences,10.15625/2615-9783/16980,2022,hydrologic_reference_station
Q_HT_0027,VinhYen,138,104.472919,22.377588,2.256,0.13,2,2,1,2,1,Do et al. 2022 Vietnam Journal of Earth Sciences,10.15625/2615-9783/16980,2022,hydrologic_reference_station
Q_HT_0028,VuQuang,36790,105.25266,21.576135,3.997,0.29,2,2,1,2,2,Do et al. 2022 Vietnam Journal of Earth Sciences,10.15625/2615-9783/16980,2022,hydrologic_reference_station
Q_HT_0029,YenBai,48000,104.869147,21.700615,3.192,0.326,1,1,1,1,1,Do et al. 2022 Vietnam Journal of Earth Sciences,10.15625/2615-9783/16980,2022,hydrologic_reference_station
Q_BK_0001,LangSon,1560,106.759609,21.841984,10.594,0.272,2,1,1,2,1,Do et al. 2022 Vietnam Journal of Earth Sciences,10.15625/2615-9783/16980,2022,hydrologic_reference_station
Q_MA_0001,CamThuy,17500,105.483215,20.209717,1.732,0.038,1,2,1,2,1,Do et al. 2022 Vietnam Journal of Earth Sciences,10.15625/2615-9783/16980,2022,hydrologic_reference_station
Q_MA_0002,CuaDat,6000,105.306721,19.881466,2.288,0.001,1,1,1,1,2,Do et al. 2022 Vietnam Journal of Earth Sciences,10.15625/2615-9783/16980,2022,hydrologic_reference_station
Q_MA_0004,XaLa,6430,103.924276,20.938545,1.756,0.104,1,1,1,1,1,Do et al. 2022 Vietnam Journal of Earth Sciences,10.15625/2615-9783/16980,2022,hydrologic_reference_station
Q_CA_0001,Dua,20800,105.0364,18.994201,2.419,0.006,1,1,1,1,2,Do et al. 2022 Vietnam Journal of Earth Sciences,10.15625/2615-9783/16980,2022,hydrologic_reference_station
Q_CA_0002,HoaDuyet,1880,105.598643,18.383378,7.122,0.077,1,1,1,1,1,Do et al. 2022 Vietnam Journal of Earth Sciences,10.15625/2615-9783/16980,2022,hydrologic_reference_station
Q_CA_0003,MuongXen,2620,104.11804,19.413919,3.367,0,1,1,1,1,1,Do et al. 2022 Vietnam Journal of Earth Sciences,10.15625/2615-9783/16980,2022,hydrologic_reference_station
Q_CA_0004,NghiaKhanh,4024,105.413132,19.222488,2.537,0.023,1,1,1,1,1,Do et al. 2022 Vietnam Journal of Earth Sciences,10.15625/2615-9783/16980,2022,hydrologic_reference_station
Q_CA_0005,QuyChau,1500,105.149316,19.556999,2.427,0,2,2,1,2,1,Do et al. 2022 Vietnam Journal of Earth Sciences,10.15625/2615-9783/16980,2022,hydrologic_reference_station
Q_CA_0006,SonDiem,599,105.356568,18.507271,3.39,0.015,1,1,1,1,1,Do et al. 2022 Vietnam Journal of Earth Sciences,10.15625/2615-9783/16980,2022,hydrologic_reference_station
Q_CA_0007,YenThuong,23000,105.441818,18.684929,2.473,0.02,1,1,1,1,2,Do et al. 2022 Vietnam Journal of Earth Sciences,10.15625/2615-9783/16980,2022,hydrologic_reference_station
Q_VT_0001,NongSon,3155,108.033986,15.702739,14.232,0,2,1,1,2,2,Do et al. 2022 Vietnam Journal of Earth Sciences,10.15625/2615-9783/16980,2022,hydrologic_reference_station
Q_VT_0002,ThanhMy,1850,107.830234,15.766938,8.448,0,2,2,1,2,1,Do et al. 2022 Vietnam Journal of Earth Sciences,10.15625/2615-9783/16980,2022,hydrologic_reference_station
Q_BA_0001,AnKhe,1440,108.652343,13.958335,7.132,0.233,2,2,1,2,2,Do et al. 2022 Vietnam Journal of Earth Sciences,10.15625/2615-9783/16980,2022,hydrologic_reference_station
Q_BA_0002,AyunPa,2940,108.45327,13.397588,7.518,0.19,1,1,1,1,2,Do et al. 2022 Vietnam Journal of Earth Sciences,10.15625/2615-9783/16980,2022,hydrologic_reference_station
Q_BA_0003,CungSon,12800,108.999982,13.04301,6.238,0.147,1,2,1,2,2,Do et al. 2022 Vietnam Journal of Earth Sciences,10.15625/2615-9783/16980,2022,hydrologic_reference_station
Q_BA_0004,PoMoRe,312,108.350936,14.032699,5.259,0,1,1,2,2,1,Do et al. 2022 Vietnam Journal of Earth Sciences,10.15625/2615-9783/16980,2022,hydrologic_reference_station
Q_SD_0001,CanDang,617,105.99963,11.542277,1.934,0.067,1,1,1,1,1,Do et al. 2022 Vietnam Journal of Earth Sciences,10.15625/2615-9783/16980,2022,hydrologic_reference_station
Q_SD_0002,Da kNong,300,107.687968,12.004217,12.883,0.237,2,1,1,2,1,Do et al. 2022 Vietnam Journal of Earth Sciences,10.15625/2615-9783/16980,2022,hydrologic_reference_station
Q_SD_0003,DaiNga,367.5,107.877855,11.534809,12.168,0.19,2,2,2,2,1,Do et al. 2022 Vietnam Journal of Earth Sciences,10.15625/2615-9783/16980,2022,hydrologic_reference_station
Q_SD_0005,PhuocHoa,5240,106.766946,11.244803,8.699,0.139,2,2,1,2,2,Do et al. 2022 Vietnam Journal of Earth Sciences,10.15625/2615-9783/16980,2022,hydrologic_reference_station
Q_SD_0006,TaLai,10170,107.361247,11.376967,8.702,0.637,1,1,1,1,2,Do et al. 2022 Vietnam Journal of Earth Sciences,10.15625/2615-9783/16980,2022,hydrologic_reference_station
Q_SD_0007,TaPao,2012,107.729436,11.134845,7.102,0.396,2,2,1,2,2,Do et al. 2022 Vietnam Journal of Earth Sciences,10.15625/2615-9783/16980,2022,hydrologic_reference_station
Q_SD_0008,ThanhBinh,290,108.285296,11.776028,3.893,7.424,1,1,1,1,1,Do et al. 2022 Vietnam Journal of Earth Sciences,10.15625/2615-9783/16980,2022,hydrologic_reference_station
Q_MK_0001,BanDon,10600,107.783103,12.897855,9.971,0.732,2,2,1,2,2,Do et al. 2022 Vietnam Journal of Earth Sciences,10.15625/2615-9783/16980,2022,hydrologic_reference_station
Q_MK_0002,BanYen,638,103.014142,21.274199,1.125,0.028,1,1,1,1,1,Do et al. 2022 Vietnam Journal of Earth Sciences,10.15625/2615-9783/16980,2022,hydrologic_reference_station
Q_MK_0003,Cau14,8640,107.928854,12.613317,10.203,0.464,2,2,1,2,2,Do et al. 2022 Vietnam Journal of Earth Sciences,10.15625/2615-9783/16980,2022,hydrologic_reference_station
Q_MK_0004,Da kMot,752,107.77078,14.656968,7.141,0.052,1,1,1,1,1,Do et al. 2022 Vietnam Journal of Earth Sciences,10.15625/2615-9783/16980,2022,hydrologic_reference_station
Q_MK_0005,GiangSon,3100,108.183431,12.510001,8.779,0.73,1,1,1,1,1,Do et al. 2022 Vietnam Journal of Earth Sciences,10.15625/2615-9783/16980,2022,hydrologic_reference_station
Q_MK_0006,Konplong,963,108.180321,14.470389,5.328,0.01,1,1,2,2,2,Do et al. 2022 Vietnam Journal of Earth Sciences,10.15625/2615-9783/16980,2022,hydrologic_reference_station
Q_MK_0007,KonTum,3030,108.034111,14.347110,7.342,0.642,1,1,1,1,1,Do et al. 2022 Vietnam Journal of Earth Sciences,10.15625/2615-9783/16980,2022,hydrologic_reference_station
Q_MK_0008,KrongBuk,503,108.37559,12.771826,12.591,1.995,1,1,1,1,2,Do et al. 2022 Vietnam Journal of Earth Sciences,10.15625/2615-9783/16980,2022,hydrologic_reference_station
Q_SK_0001,AnChi,834,108.80721,14.985987,11.812,0.024,2,2,1,2,1,Do et al. 2022 Vietnam Journal of Earth Sciences,10.15625/2615-9783/16980,2022,hydrologic_reference_station
Q_SK_0002,AnHoa,383,108.909297,14.577917,8.182,0.023,1,1,1,1,1,Do et al. 2022 Vietnam Journal of Earth Sciences,10.15625/2615-9783/16980,2022,hydrologic_reference_station
Q_SK_0003,BinhLieu,505,107.387022,21.488299,4.663,0,2,2,1,2,1,Do et al. 2022 Vietnam Journal of Earth Sciences,10.15625/2615-9783/16980,2022,hydrologic_reference_station
Q_SK_0004,DongTam,1150,106.020672,17.904059,3.46,0,1,1,1,1,1,Do et al. 2022 Vietnam Journal of Earth Sciences,10.15625/2615-9783/16980,2022,hydrologic_reference_station
Q_SK_0005,DongTrang,1244,109.012254,12.280838,7.219,0,1,2,1,2,1,Do et al. 2022 Vietnam Journal of Earth Sciences,10.15625/2615-9783/16980,2022,hydrologic_reference_station
Q_SK_0006,GiaVong,267,106.950942,16.956599,3.681,0,2,2,1,2,1,Do et al. 2022 Vietnam Journal of Earth Sciences,10.15625/2615-9783/16980,2022,hydrologic_reference_station
Q_SK_0007,SonGiang,2440,108.566667,15.033333,17.792,0.063,1,1,1,1,1,Do et al. 2022 Vietnam Journal of Earth Sciences,10.15625/2615-9783/16980,2022,hydrologic_reference_station
Q_SK_0008,SongLuy,964,108.346016,11.195616,3.362,0,1,1,1,1,1,Do et al. 2022 Vietnam Journal of Earth Sciences,10.15625/2615-9783/16980,2022,hydrologic_reference_station
Q_SK_0009,ThuongNhat,208,107.684719,16.128361,3.841,0,2,2,1,2,1,Do et al. 2022 Vietnam Journal of Earth Sciences,10.15625/2615-9783/16980,2022,hydrologic_reference_station
