location_id,location_name,latitude,longitude
HN,Hanoi,21.0278,105.8342
HP,Haiphong,20.8449,106.6881
DB,Dien Bien Phu,21.386,103.023
V,Vinh,18.6796,105.6813
HUE,Hue,16.4637,107.5909
DN,Da Nang,16.0544,108.2022
HOI_AN,Hoi An,15.8801,108.338
QN,Quy Nhon,13.782,109.219
NT,Nha Trang,12.2388,109.1967
DL,Da Lat,11.9404,108.4583
BMT,Buon Ma Thuot,12.6667,108.0382
PLEIKU,Pleiku,13.9833,108.0
HCM,Ho Chi Minh City,10.8231,106.6297
CT,Can Tho,10.0452,105.7469
RG,Rach Gia,10.0125,105.0809
GRID_0001,Vietnam Grid 0001,23.2314,105.1446
GRID_0002,Vietnam Grid 0002,19.3314,103.9446
GRID_0003,Vietnam Grid 0003,22.7814,106.7946
GRID_0004,Vietnam Grid 0004,22.7814,103.6446
GRID_0005,Vietnam Grid 0005,17.2314,106.3446
GRID_0006,Vietnam Grid 0006,20.8314,104.3946
GRID_0007,Vietnam Grid 0007,21.5814,107.8446
GRID_0008,Vietnam Grid 0008,8.6814,104.8446
GRID_0009,Vietnam Grid 0009,22.4814,102.2946
GRID_0010,Vietnam Grid 0010,10.7814,107.9946
GRID_0011,Vietnam Grid 0011,22.0314,104.6946
GRID_0012,Vietnam Grid 0012,19.7814,105.1446
GRID_0013,Vietnam Grid 0013,11.9814,106.9446
GRID_0014,Vietnam Grid 0014,10.3314,103.9446
GRID_0015,Vietnam Grid 0015,14.8314,108.7446
GRID_0016,Vietnam Grid 0016,14.9814,107.5446
GRID_0017,Vietnam Grid 0017,22.1814,105.8946
GRID_0018,Vietnam Grid 0018,11.5314,105.8946
GRID_0019,Vietnam Grid 0019,20.0814,106.0446
GRID_0020,Vietnam Grid 0020,9.8814,106.6446
GRID_0021,Vietnam Grid 0021,21.7314,106.9446
GRID_0022,Vietnam Grid 0022,21.8814,103.7946
GRID_0023,Vietnam Grid 0023,18.8814,104.6946
GRID_0024,Vietnam Grid 0024,17.8314,105.7446
GRID_0025,Vietnam Grid 0025,13.0314,108.8946
GRID_0026,Vietnam Grid 0026,9.2814,105.4446
GRID_0027,Vietnam Grid 0027,11.5314,107.6946
GRID_0028,Vietnam Grid 0028,10.7814,105.2946
GRID_0029,Vietnam Grid 0029,16.4814,106.7946
GRID_0030,Vietnam Grid 0030,22.1814,103.0446
GRID_0031,Vietnam Grid 0031,20.6814,105.1446
GRID_0032,Vietnam Grid 0032,22.9314,106.0446
GRID_0033,Vietnam Grid 0033,11.2314,108.7446
GRID_0034,Vietnam Grid 0034,15.7314,107.3946
GRID_0035,Vietnam Grid 0035,20.8314,103.6446
GRID_0036,Vietnam Grid 0036,21.5814,105.2946
GRID_0037,Vietnam Grid 0037,22.7814,104.5446
GRID_0038,Vietnam Grid 0038,13.3314,107.6946
GRID_0039,Vietnam Grid 0039,10.4814,107.2446
GRID_0040,Vietnam Grid 0040,22.4814,105.2946
GRID_0041,Vietnam Grid 0041,17.0814,107.0946
GRID_0042,Vietnam Grid 0042,19.4814,105.7446
GRID_0043,Vietnam Grid 0043,21.5814,106.1946
GRID_0044,Vietnam Grid 0044,13.6314,108.5946
GRID_0045,Vietnam Grid 0045,21.1314,107.3946
GRID_0046,Vietnam Grid 0046,20.2314,104.6946
GRID_0047,Vietnam Grid 0047,15.2814,108.1446
GRID_0048,Vietnam Grid 0048,12.2814,107.5446
GRID_0049,Vietnam Grid 0049,11.2314,107.0946
GRID_0050,Vietnam Grid 0050,9.4314,104.8446
GRID_0051,Vietnam Grid 0051,9.4314,106.0446
GRID_0052,Vietnam Grid 0052,17.9814,106.3446
GRID_0053,Vietnam Grid 0053,19.4814,104.5446
GRID_0054,Vietnam Grid 0054,21.4314,104.2446
GRID_0055,Vietnam Grid 0055,10.6314,106.0446
GRID_0056,Vietnam Grid 0056,14.0814,107.3946
GRID_0057,Vietnam Grid 0057,10.4814,104.6946
GRID_0058,Vietnam Grid 0058,11.5314,106.4946
GRID_0059,Vietnam Grid 0059,22.1814,106.4946
GRID_0060,Vietnam Grid 0060,14.2314,108.5946
GRID_0061,Vietnam Grid 0061,14.6814,108.1446
GRID_0062,Vietnam Grid 0062,18.4314,105.1446
GRID_0063,Vietnam Grid 0063,19.1814,105.1446
GRID_0064,Vietnam Grid 0064,20.3814,105.5946
GRID_0065,Vietnam Grid 0065,21.2814,104.8446
GRID_0066,Vietnam Grid 0066,22.4814,104.0946
GRID_0067,Vietnam Grid 0067,11.6814,109.0446
GRID_0068,Vietnam Grid 0068,12.5814,108.5946
GRID_0069,Vietnam Grid 0069,13.1814,108.2946
GRID_0070,Vietnam Grid 0070,20.3814,106.4946
GRID_0071,Vietnam Grid 0071,22.6314,102.7446
GRID_0072,Vietnam Grid 0072,10.9314,107.5446
GRID_0073,Vietnam Grid 0073,11.3814,108.1446
GRID_0074,Vietnam Grid 0074,12.1314,107.9946
GRID_0075,Vietnam Grid 0075,12.8814,109.3446
GRID_0076,Vietnam Grid 0076,14.3814,109.0446
GRID_0077,Vietnam Grid 0077,15.4314,108.5946
GRID_0078,Vietnam Grid 0078,22.0314,102.5946
GRID_0079,Vietnam Grid 0079,21.7314,105.7446
GRID_0080,Vietnam Grid 0080,22.3314,103.4946
GRID_0081,Vietnam Grid 0081,8.8314,105.2946
GRID_0082,Vietnam Grid 0082,10.3314,106.4946
GRID_0083,Vietnam Grid 0083,11.0814,106.1946
GRID_0084,Vietnam Grid 0084,12.8814,107.5446
GRID_0085,Vietnam Grid 0085,14.5314,107.6946
GRID_0086,Vietnam Grid 0086,21.2814,103.4946
GRID_0087,Vietnam Grid 0087,21.7314,103.3446
GRID_0088,Vietnam Grid 0088,18.2814,105.8946
GRID_0089,Vietnam Grid 0089,9.8814,106.1946
GRID_0090,Vietnam Grid 0090,15.7314,107.8446
GRID_0091,Vietnam Grid 0091,22.0314,104.2446
GRID_0092,Vietnam Grid 0092,22.0314,105.1446
GRID_0093,Vietnam Grid 0093,22.9314,105.5946
GRID_0094,Vietnam Grid 0094,19.9314,105.5946
GRID_0095,Vietnam Grid 0095,21.1314,105.2946
GRID_0096,Vietnam Grid 0096,21.5814,107.3946
GRID_0097,Vietnam Grid 0097,20.2314,105.1446
GRID_0098,Vietnam Grid 0098,20.5314,106.0446
GRID_0099,Vietnam Grid 0099,21.2814,106.9446
GRID_0100,Vietnam Grid 0100,21.1314,106.3446
GRID_0101,Vietnam Grid 0101,16.1814,107.2446
GRID_0102,Vietnam Grid 0102,9.7314,105.4446
GRID_0103,Vietnam Grid 0103,16.9314,106.6446
GRID_0104,Vietnam Grid 0104,22.6314,103.1946
GRID_0105,Vietnam Grid 0105,10.4814,105.5946
GRID_0106,Vietnam Grid 0106,10.9314,105.7446
GRID_0107,Vietnam Grid 0107,11.6814,107.2446
GRID_0108,Vietnam Grid 0108,13.3314,109.1946
GRID_0109,Vietnam Grid 0109,20.9814,103.1946
GRID_0110,Vietnam Grid 0110,22.4814,104.8446
GRID_0111,Vietnam Grid 0111,22.4814,106.1946
GRID_0112,Vietnam Grid 0112,17.5314,106.0446
GRID_0113,Vietnam Grid 0113,21.1314,103.9446
GRID_0114,Vietnam Grid 0114,16.6314,107.2446
GRID_0115,Vietnam Grid 0115,13.6314,108.1446
GRID_0116,Vietnam Grid 0116,16.1814,107.8446
GRID_0117,Vietnam Grid 0117,12.5814,109.0446
GRID_0118,Vietnam Grid 0118,21.7314,102.8946
GRID_0119,Vietnam Grid 0119,13.7814,107.6946
GRID_0120,Vietnam Grid 0120,19.0314,105.5946
GRID_0121,Vietnam Grid 0121,13.9314,108.8946
GRID_0122,Vietnam Grid 0122,12.1314,108.7446
GRID_0123,Vietnam Grid 0123,18.2814,105.4446
GRID_0124,Vietnam Grid 0124,19.6314,104.2446
GRID_0125,Vietnam Grid 0125,20.6814,104.6946
GRID_0126,Vietnam Grid 0126,21.2814,105.5946
GRID_0127,Vietnam Grid 0127,21.4314,106.6446
GRID_0128,Vietnam Grid 0128,23.0814,104.8446
GRID_0129,Vietnam Grid 0129,9.5814,105.1446
GRID_0130,Vietnam Grid 0130,9.5814,105.7446
GRID_0131,Vietnam Grid 0131,10.3314,105.2946
GRID_0132,Vietnam Grid 0132,10.4814,106.7946
GRID_0133,Vietnam Grid 0133,10.6314,104.9946
GRID_0134,Vietnam Grid 0134,10.9314,108.2946
GRID_0135,Vietnam Grid 0135,11.3814,106.7946
GRID_0136,Vietnam Grid 0136,11.5314,108.4446
GRID_0137,Vietnam Grid 0137,11.6814,106.1946
GRID_0138,Vietnam Grid 0138,12.1314,107.2446
GRID_0139,Vietnam Grid 0139,12.2814,108.2946
GRID_0140,Vietnam Grid 0140,13.0314,107.9946
GRID_0141,Vietnam Grid 0141,13.4814,108.8946
GRID_0142,Vietnam Grid 0142,14.9814,108.4446
GRID_0143,Vietnam Grid 0143,15.1314,107.8446
GRID_0144,Vietnam Grid 0144,17.3814,106.6446
GRID_0145,Vietnam Grid 0145,19.1814,104.2446
GRID_0146,Vietnam Grid 0146,19.3314,104.8446
GRID_0147,Vietnam Grid 0147,21.5814,104.5446
GRID_0148,Vietnam Grid 0148,22.0314,106.1946
GRID_0149,Vietnam Grid 0149,22.3314,105.5946
GRID_0150,Vietnam Grid 0150,22.6314,106.4946
GRID_0151,Vietnam Grid 0151,21.4314,103.7946
GRID_0152,Vietnam Grid 0152,21.7314,104.8446
GRID_0153,Vietnam Grid 0153,16.0314,107.5446
GRID_0154,Vietnam Grid 0154,8.9814,104.9946
GRID_0155,Vietnam Grid 0155,9.5814,106.3446
GRID_0156,Vietnam Grid 0156,10.6314,107.6946
GRID_0157,Vietnam Grid 0157,10.7814,107.0946
GRID_0158,Vietnam Grid 0158,11.0814,107.8446
GRID_0159,Vietnam Grid 0159,11.3814,107.3946
GRID_0160,Vietnam Grid 0160,11.6814,107.9946
GRID_0161,Vietnam Grid 0161,11.8314,106.6446
GRID_0162,Vietnam Grid 0162,11.8314,107.5446
GRID_0163,Vietnam Grid 0163,12.5814,107.6946
GRID_0164,Vietnam Grid 0164,12.8814,108.4446
GRID_0165,Vietnam Grid 0165,13.9314,108.4446
GRID_0166,Vietnam Grid 0166,14.3814,107.9946
GRID_0167,Vietnam Grid 0167,14.5314,108.4446
GRID_0168,Vietnam Grid 0168,15.1314,108.8946
GRID_0169,Vietnam Grid 0169,15.4314,107.5446
GRID_0170,Vietnam Grid 0170,16.7814,106.9446
GRID_0171,Vietnam Grid 0171,17.6814,106.4946
GRID_0172,Vietnam Grid 0172,18.8814,105.2946
GRID_0173,Vietnam Grid 0173,19.4814,105.2946
GRID_0174,Vietnam Grid 0174,19.7814,105.8946
GRID_0175,Vietnam Grid 0175,20.6814,105.7446
GRID_0176,Vietnam Grid 0176,20.6814,106.3446
GRID_0177,Vietnam Grid 0177,20.9814,104.9946
GRID_0178,Vietnam Grid 0178,20.9814,107.0946
GRID_0179,Vietnam Grid 0179,21.8814,105.4446
GRID_0180,Vietnam Grid 0180,21.8814,106.6446
GRID_0181,Vietnam Grid 0181,22.1814,103.9446
GRID_0182,Vietnam Grid 0182,22.7814,104.9946
GRID_0183,Vietnam Grid 0183,20.8314,105.4446
GRID_0184,Vietnam Grid 0184,21.1314,104.5446
GRID_0185,Vietnam Grid 0185,21.4314,105.8946
GRID_0186,Vietnam Grid 0186,21.7314,104.0946
GRID_0187,Vietnam Grid 0187,22.3314,104.3946
GRID_0188,Vietnam Grid 0188,22.6314,105.7446
GRID_0189,Vietnam Grid 0189,10.1814,106.0446
GRID_0190,Vietnam Grid 0190,15.5814,108.2946
GRID_0191,Vietnam Grid 0191,14.0814,109.1946
GRID_0192,Vietnam Grid 0192,10.6314,106.3446
GRID_0193,Vietnam Grid 0193,11.6814,108.7446
GRID_0194,Vietnam Grid 0194,13.1814,108.5946
GRID_0195,Vietnam Grid 0195,14.2314,108.2946
GRID_0196,Vietnam Grid 0196,17.9814,106.0446
GRID_0197,Vietnam Grid 0197,18.8814,104.9946
GRID_0198,Vietnam Grid 0198,19.7814,104.8446
GRID_0199,Vietnam Grid 0199,22.4814,103.7946
GRID_0200,Vietnam Grid 0200,22.7814,104.2446
GRID_0201,Vietnam Grid 0201,22.9314,105.2946
GRID_0202,Vietnam Grid 0202,23.2314,105.4446
GRID_0203,Vietnam Grid 0203,21.1314,104.2446
GRID_0204,Vietnam Grid 0204,22.0314,103.3446
GRID_0205,Vietnam Grid 0205,22.3314,102.7446
GRID_0206,Vietnam Grid 0206,9.2814,105.1446
GRID_0207,Vietnam Grid 0207,9.2814,105.7446
GRID_0208,Vietnam Grid 0208,10.0314,105.4446
GRID_0209,Vietnam Grid 0209,10.3314,104.9946
GRID_0210,Vietnam Grid 0210,11.0814,106.7946
GRID_0211,Vietnam Grid 0211,11.2314,106.4946
GRID_0212,Vietnam Grid 0212,11.2314,108.4446
GRID_0213,Vietnam Grid 0213,11.3814,106.1946
GRID_0214,Vietnam Grid 0214,11.6814,106.9446
GRID_0215,Vietnam Grid 0215,13.3314,107.9946
GRID_0216,Vietnam Grid 0216,14.0814,107.6946
GRID_0217,Vietnam Grid 0217,14.5314,108.7446
GRID_0218,Vietnam Grid 0218,14.6814,109.0446
GRID_0219,Vietnam Grid 0219,14.8314,107.8446
GRID_0220,Vietnam Grid 0220,14.9814,108.1446
GRID_0221,Vietnam Grid 0221,15.4314,107.8446
GRID_0222,Vietnam Grid 0222,19.1814,104.5446
GRID_0223,Vietnam Grid 0223,11.9814,109.0446
GRID_0224,Vietnam Grid 0224,21.1314,106.6446
GRID_0225,Vietnam Grid 0225,20.8314,106.0446
GRID_0226,Vietnam Grid 0226,12.5814,108.2946
GRID_0227,Vietnam Grid 0227,18.5814,105.4446
GRID_0228,Vietnam Grid 0228,12.4314,107.9946
GRID_0229,Vietnam Grid 0229,21.1314,106.0446
GRID_0230,Vietnam Grid 0230,9.8814,105.8946
GRID_0231,Vietnam Grid 0231,16.4814,107.0946
GRID_0232,Vietnam Grid 0232,16.6314,106.6446
GRID_0233,Vietnam Grid 0233,17.0814,106.4946
GRID_0234,Vietnam Grid 0234,17.0814,106.7946
GRID_0235,Vietnam Grid 0235,17.5314,106.3446
GRID_0236,Vietnam Grid 0236,17.6814,105.8946
GRID_0237,Vietnam Grid 0237,17.6814,106.1946
GRID_0238,Vietnam Grid 0238,18.1314,105.5946
GRID_0239,Vietnam Grid 0239,18.4314,105.7446
GRID_0240,Vietnam Grid 0240,18.7314,105.1446
GRID_0241,Vietnam Grid 0241,19.0314,104.8446
GRID_0242,Vietnam Grid 0242,19.3314,105.4446
GRID_0243,Vietnam Grid 0243,19.4814,104.0946
GRID_0244,Vietnam Grid 0244,19.4814,104.9946
GRID_0245,Vietnam Grid 0245,19.6314,105.4446
GRID_0246,Vietnam Grid 0246,20.0814,104.9946
GRID_0247,Vietnam Grid 0247,20.0814,105.2946
GRID_0248,Vietnam Grid 0248,20.0814,105.7446
GRID_0249,Vietnam Grid 0249,20.2314,105.8946
GRID_0250,Vietnam Grid 0250,20.2314,106.1946
GRID_0251,Vietnam Grid 0251,20.5314,104.5446
GRID_0252,Vietnam Grid 0252,20.5314,104.8446
GRID_0253,Vietnam Grid 0253,20.5314,105.2946
GRID_0254,Vietnam Grid 0254,21.1314,103.6446
GRID_0255,Vietnam Grid 0255,21.2814,104.0946
GRID_0256,Vietnam Grid 0256,21.2814,104.3946
GRID_0257,Vietnam Grid 0257,21.2814,105.1446
GRID_0258,Vietnam Grid 0258,21.2814,106.1946
GRID_0259,Vietnam Grid 0259,21.2814,106.4946
GRID_0260,Vietnam Grid 0260,21.2814,107.2446
GRID_0261,Vietnam Grid 0261,21.4314,103.3446
GRID_0262,Vietnam Grid 0262,21.4314,104.9946
GRID_0263,Vietnam Grid 0263,21.4314,107.0946
GRID_0264,Vietnam Grid 0264,21.7314,103.6446
GRID_0265,Vietnam Grid 0265,21.7314,106.4946
GRID_0266,Vietnam Grid 0266,21.8814,102.7446
GRID_0267,Vietnam Grid 0267,21.8814,103.0446
GRID_0268,Vietnam Grid 0268,21.8814,103.4946
GRID_0269,Vietnam Grid 0269,21.8814,104.3946
GRID_0270,Vietnam Grid 0270,21.8814,104.9946
GRID_0271,Vietnam Grid 0271,21.8814,105.8946
GRID_0272,Vietnam Grid 0272,21.8814,106.3446
GRID_0273,Vietnam Grid 0273,22.0314,103.6446
GRID_0274,Vietnam Grid 0274,22.0314,105.5946
GRID_0275,Vietnam Grid 0275,22.3314,102.4446
GRID_0276,Vietnam Grid 0276,22.3314,104.6946
GRID_0277,Vietnam Grid 0277,22.3314,104.9946
GRID_0278,Vietnam Grid 0278,22.4814,102.5946
GRID_0279,Vietnam Grid 0279,22.4814,102.8946
GRID_0280,Vietnam Grid 0280,22.4814,103.3446
GRID_0281,Vietnam Grid 0281,22.4814,104.5446
GRID_0282,Vietnam Grid 0282,22.4814,105.8946
GRID_0283,Vietnam Grid 0283,22.6314,102.4446
GRID_0284,Vietnam Grid 0284,22.6314,105.4446
GRID_0285,Vietnam Grid 0285,22.6314,106.0446
GRID_0286,Vietnam Grid 0286,9.1314,104.8446
GRID_0287,Vietnam Grid 0287,9.1314,105.2946
GRID_0288,Vietnam Grid 0288,9.4314,105.2946
GRID_0289,Vietnam Grid 0289,9.4314,105.5946
GRID_0290,Vietnam Grid 0290,9.7314,104.9946
GRID_0291,Vietnam Grid 0291,9.7314,106.0446
GRID_0292,Vietnam Grid 0292,9.7314,106.4946
GRID_0293,Vietnam Grid 0293,9.8814,105.2946
GRID_0294,Vietnam Grid 0294,9.8814,105.5946
GRID_0295,Vietnam Grid 0295,10.0314,106.3446
GRID_0296,Vietnam Grid 0296,10.1814,104.8446
GRID_0297,Vietnam Grid 0297,10.1814,106.6446
GRID_0298,Vietnam Grid 0298,10.3314,104.5446
GRID_0299,Vietnam Grid 0299,10.3314,105.7446
GRID_0300,Vietnam Grid 0300,10.3314,106.1946
GRID_0301,Vietnam Grid 0301,10.4814,105.1446
GRID_0302,Vietnam Grid 0302,10.4814,105.8946
GRID_0303,Vietnam Grid 0303,10.6314,105.4446
GRID_0304,Vietnam Grid 0304,10.6314,105.7446
GRID_0305,Vietnam Grid 0305,10.6314,106.9446
GRID_0306,Vietnam Grid 0306,10.6314,107.3946
GRID_0307,Vietnam Grid 0307,10.7814,105.5946
GRID_0308,Vietnam Grid 0308,10.7814,105.8946
GRID_0309,Vietnam Grid 0309,10.7814,106.1946
GRID_0310,Vietnam Grid 0310,10.9314,105.4446
GRID_0311,Vietnam Grid 0311,10.9314,106.3446
GRID_0312,Vietnam Grid 0312,10.9314,106.9446
GRID_0313,Vietnam Grid 0313,10.9314,107.2446
GRID_0314,Vietnam Grid 0314,11.0814,107.3946
GRID_0315,Vietnam Grid 0315,11.0814,108.1446
GRID_0316,Vietnam Grid 0316,11.2314,106.0446
GRID_0317,Vietnam Grid 0317,11.2314,107.5446
GRID_0318,Vietnam Grid 0318,11.2314,107.9946
GRID_0319,Vietnam Grid 0319,11.3814,107.8446
GRID_0320,Vietnam Grid 0320,11.3814,108.5946
GRID_0321,Vietnam Grid 0321,11.3814,108.8946
GRID_0322,Vietnam Grid 0322,11.5314,107.0946
GRID_0323,Vietnam Grid 0323,11.6814,108.2946
GRID_0324,Vietnam Grid 0324,11.8314,107.0946
GRID_0325,Vietnam Grid 0325,11.8314,107.8446
GRID_0326,Vietnam Grid 0326,11.8314,108.1446
GRID_0327,Vietnam Grid 0327,11.8314,108.8946
GRID_0328,Vietnam Grid 0328,11.9814,107.3946
GRID_0329,Vietnam Grid 0329,11.9814,107.6946
GRID_0330,Vietnam Grid 0330,12.2814,107.8446
GRID_0331,Vietnam Grid 0331,12.2814,108.5946
GRID_0332,Vietnam Grid 0332,12.2814,108.8946
GRID_0333,Vietnam Grid 0333,12.4314,108.4446
GRID_0334,Vietnam Grid 0334,12.4314,108.7446
GRID_0335,Vietnam Grid 0335,12.7314,108.7446
GRID_0336,Vietnam Grid 0336,12.7314,109.1946
GRID_0337,Vietnam Grid 0337,12.8814,107.8446
GRID_0338,Vietnam Grid 0338,12.8814,108.1446
GRID_0339,Vietnam Grid 0339,12.8814,109.0446
GRID_0340,Vietnam Grid 0340,13.0314,107.6946
GRID_0341,Vietnam Grid 0341,13.0314,109.1946
GRID_0342,Vietnam Grid 0342,13.1814,107.8446
GRID_0343,Vietnam Grid 0343,13.1814,109.0446
GRID_0344,Vietnam Grid 0344,13.3314,108.4446
GRID_0345,Vietnam Grid 0345,13.3314,108.7446
GRID_0346,Vietnam Grid 0346,13.4814,107.8446
GRID_0347,Vietnam Grid 0347,13.4814,108.2946
GRID_0348,Vietnam Grid 0348,13.6314,109.0446
GRID_0349,Vietnam Grid 0349,13.7814,108.2946
GRID_0350,Vietnam Grid 0350,13.7814,108.7446
GRID_0351,Vietnam Grid 0351,13.9314,107.5446
GRID_0352,Vietnam Grid 0352,14.0814,108.7446
GRID_0353,Vietnam Grid 0353,14.2314,107.5446
GRID_0354,Vietnam Grid 0354,14.2314,107.8446
GRID_0355,Vietnam Grid 0355,14.2314,108.8946
GRID_0356,Vietnam Grid 0356,14.6814,108.5946
GRID_0357,Vietnam Grid 0357,14.8314,108.2946
GRID_0358,Vietnam Grid 0358,15.1314,108.2946
GRID_0359,Vietnam Grid 0359,15.1314,108.5946
GRID_0360,Vietnam Grid 0360,15.2814,107.6946
GRID_0361,Vietnam Grid 0361,15.2814,108.4446
GRID_0362,Vietnam Grid 0362,15.2814,108.7446
GRID_0363,Vietnam Grid 0363,15.5814,107.6946
GRID_0364,Vietnam Grid 0364,15.5814,107.9946
GRID_0365,Vietnam Grid 0365,15.7314,108.1446
GRID_0366,Vietnam Grid 0366,15.8814,107.6946
GRID_0367,Vietnam Grid 0367,15.8814,107.9946
GRID_0368,Vietnam Grid 0368,16.3314,107.3946
GRID_0369,Vietnam Grid 0369,17.3814,106.1946
GRID_0370,Vietnam Grid 0370,18.1314,106.1946
GRID_0371,Vietnam Grid 0371,19.3314,104.3946
GRID_0372,Vietnam Grid 0372,19.6314,104.6946
GRID_0373,Vietnam Grid 0373,20.2314,105.4446
GRID_0374,Vietnam Grid 0374,20.3814,104.9946
GRID_0375,Vietnam Grid 0375,20.8314,103.3446
GRID_0376,Vietnam Grid 0376,20.8314,104.8446
GRID_0377,Vietnam Grid 0377,20.8314,106.9446
GRID_0378,Vietnam Grid 0378,20.9814,103.4946
GRID_0379,Vietnam Grid 0379,20.9814,103.7946
GRID_0380,Vietnam Grid 0380,20.9814,104.0946
GRID_0381,Vietnam Grid 0381,20.9814,104.6946
GRID_0382,Vietnam Grid 0382,20.9814,105.5946
GRID_0383,Vietnam Grid 0383,20.9814,106.1946
GRID_0384,Vietnam Grid 0384,20.9814,106.4946
GRID_0385,Vietnam Grid 0385,21.1314,103.0446
GRID_0386,Vietnam Grid 0386,21.1314,103.3446
GRID_0387,Vietnam Grid 0387,21.4314,104.6946
GRID_0388,Vietnam Grid 0388,21.4314,105.4446
GRID_0389,Vietnam Grid 0389,21.4314,106.3446
GRID_0390,Vietnam Grid 0390,21.4314,107.5446
GRID_0391,Vietnam Grid 0391,21.5814,103.1946
GRID_0392,Vietnam Grid 0392,21.5814,103.4946
GRID_0393,Vietnam Grid 0393,21.5814,103.9446
GRID_0394,Vietnam Grid 0394,21.5814,105.5946
GRID_0395,Vietnam Grid 0395,21.5814,106.7946
GRID_0396,Vietnam Grid 0396,21.7314,105.1446
GRID_0397,Vietnam Grid 0397,21.7314,106.0446
GRID_0398,Vietnam Grid 0398,22.0314,102.8946
GRID_0399,Vietnam Grid 0399,22.1814,104.5446
GRID_0400,Vietnam Grid 0400,22.1814,104.8446
GRID_0401,Vietnam Grid 0401,22.1814,105.2946
GRID_0402,Vietnam Grid 0402,22.3314,103.1946
GRID_0403,Vietnam Grid 0403,22.3314,106.0446
GRID_0404,Vietnam Grid 0404,22.3314,106.3446
GRID_0405,Vietnam Grid 0405,22.3314,106.6446
GRID_0406,Vietnam Grid 0406,22.6314,104.3946
GRID_0407,Vietnam Grid 0407,22.6314,104.6946
GRID_0408,Vietnam Grid 0408,22.6314,105.1446
GRID_0409,Vietnam Grid 0409,22.7814,103.3446
GRID_0410,Vietnam Grid 0410,22.7814,105.8946
GRID_0411,Vietnam Grid 0411,22.7814,106.1946
GRID_0412,Vietnam Grid 0412,10.1814,105.5946
GRID_0413,Vietnam Grid 0413,13.7814,107.9946
GRID_0414,Vietnam Grid 0414,21.2814,103.1946
GRID_0415,Vietnam Grid 0415,13.6314,109.3446
GRID_0416,Vietnam Grid 0416,10.6314,106.6446
GRID_0417,Vietnam Grid 0417,12.1314,108.4446
GRID_0418,Vietnam Grid 0418,15.7314,108.4446
GRID_0419,Vietnam Grid 0419,10.1814,105.1446
GRID_0420,Vietnam Grid 0420,14.0814,108.1446
GRID_0421,Vietnam Grid 0421,11.8314,108.5946
GRID_0422,Vietnam Grid 0422,20.9814,106.7946
GRID_0423,Vietnam Grid 0423,10.7814,106.7946
GRID_0424,Vietnam Grid 0424,20.6814,106.6446
GRID_0425,Vietnam Grid 0425,11.9814,108.2946
GRID_0426,Vietnam Grid 0426,16.3314,107.6946
GRID_0427,Vietnam Grid 0427,21.2814,102.8946
GRID_0428,Vietnam Grid 0428,13.9314,107.8446
GRID_0429,Vietnam Grid 0429,8.6814,104.9946
GRID_0430,Vietnam Grid 0430,8.8314,105.1446
GRID_0431,Vietnam Grid 0431,9.2814,104.9946
GRID_0432,Vietnam Grid 0432,9.2814,105.8946
GRID_0433,Vietnam Grid 0433,9.5814,105.8946
GRID_0434,Vietnam Grid 0434,9.5814,106.1946
GRID_0435,Vietnam Grid 0435,9.8814,105.7446
GRID_0436,Vietnam Grid 0436,10.0314,106.4946
GRID_0437,Vietnam Grid 0437,10.1814,105.8946
GRID_0438,Vietnam Grid 0438,10.3314,105.4446
GRID_0439,Vietnam Grid 0439,10.3314,106.3446
GRID_0440,Vietnam Grid 0440,10.4814,104.8446
GRID_0441,Vietnam Grid 0441,10.4814,107.0946
GRID_0442,Vietnam Grid 0442,10.6314,106.4946
GRID_0443,Vietnam Grid 0443,10.6314,107.5446
GRID_0444,Vietnam Grid 0444,10.7814,105.1446
GRID_0445,Vietnam Grid 0445,10.7814,107.8446
GRID_0446,Vietnam Grid 0446,10.9314,106.4946
GRID_0447,Vietnam Grid 0447,10.9314,107.6946
GRID_0448,Vietnam Grid 0448,11.0814,106.6446
GRID_0449,Vietnam Grid 0449,11.2314,106.3446
GRID_0450,Vietnam Grid 0450,11.2314,106.9446
GRID_0451,Vietnam Grid 0451,11.2314,107.2446
GRID_0452,Vietnam Grid 0452,11.2314,107.6946
GRID_0453,Vietnam Grid 0453,11.2314,108.2946
GRID_0454,Vietnam Grid 0454,11.3814,106.6446
GRID_0455,Vietnam Grid 0455,11.5314,106.0446
GRID_0456,Vietnam Grid 0456,11.5314,106.3446
GRID_0457,Vietnam Grid 0457,11.5314,107.5446
GRID_0458,Vietnam Grid 0458,11.6814,106.7946
GRID_0459,Vietnam Grid 0459,11.6814,107.3946
GRID_0460,Vietnam Grid 0460,11.8314,106.4946
GRID_0461,Vietnam Grid 0461,11.9814,106.7946
GRID_0462,Vietnam Grid 0462,11.9814,109.1946
GRID_0463,Vietnam Grid 0463,12.1314,107.0946
GRID_0464,Vietnam Grid 0464,12.1314,108.1446
GRID_0465,Vietnam Grid 0465,12.2814,107.6946
GRID_0466,Vietnam Grid 0466,12.2814,109.0446
GRID_0467,Vietnam Grid 0467,12.4314,108.1446
GRID_0468,Vietnam Grid 0468,12.5814,107.8446
GRID_0469,Vietnam Grid 0469,12.5814,108.8946
GRID_0470,Vietnam Grid 0470,12.8814,108.2946
GRID_0471,Vietnam Grid 0471,12.8814,108.5946
GRID_0472,Vietnam Grid 0472,13.0314,108.7446
GRID_0473,Vietnam Grid 0473,13.1814,108.1446
GRID_0474,Vietnam Grid 0474,13.6314,108.4446
GRID_0475,Vietnam Grid 0475,13.6314,109.1946
GRID_0476,Vietnam Grid 0476,13.9314,108.5946
GRID_0477,Vietnam Grid 0477,13.9314,109.0446
GRID_0478,Vietnam Grid 0478,14.2314,108.4446
GRID_0479,Vietnam Grid 0479,14.3814,108.1446
GRID_0480,Vietnam Grid 0480,14.5314,107.5446
GRID_0481,Vietnam Grid 0481,14.5314,107.8446
GRID_0482,Vietnam Grid 0482,14.5314,108.2946
GRID_0483,Vietnam Grid 0483,14.5314,108.8946
GRID_0484,Vietnam Grid 0484,14.6814,107.9946
GRID_0485,Vietnam Grid 0485,14.8314,107.6946
